"","Age_Group","Movie","Liked","Pct_Liked","Pct_SD","Age_Liked_Pct"
"1","Old","Iron.Man",58,0.58,0.261190295321956,0.363333333333333
"2","Old","Legally.Blonde",37,0.37,0.261190295321956,0.363333333333333
"3","Old","Titanic",14,0.14,0.261190295321956,0.363333333333333
"4","Young","Iron.Man",23,0.23,0.444432638732092,0.633333333333333
"5","Young","Legally.Blonde",76,0.76,0.444432638732092,0.633333333333333
"6","Young","Titanic",91,0.91,0.444432638732092,0.633333333333333
